category,variable,corr,R2,R2_cns
beer,dlprice,.14717315,.02165994,.03967365
beer,dfeat,.51064791,.26076129,.0011289
beer,ddisp,.64179395,.41189948,.00653086
beer,dupc,.79383464,.63017344,.00191924
beer,davail,.49211894,.24218105,.00117682
beer,pfd,,,.02441462
beer,all,.85190639,.72574449,
blades,dlprice,-.40769179,.1662126,.10592667
blades,dfeat,.59682226,.35619681,.00825173
blades,ddisp,.37549119,.14099363,.05357037
blades,dupc,.75094793,.56392279,.17902706
blades,davail,.84761863,.71845734,.25706078
blades,pfd,,,.08161425
blades,all,.92786948,.86094176,
carbbev,dlprice,.005828,.00003397,.02233251
carbbev,dfeat,.68363977,.46736333,.01158603
carbbev,ddisp,.21479212,.04613565,.01615791
carbbev,dupc,.8487777,.72042359,.00250378
carbbev,davail,-.08528596,.00727369,1.827e-07
carbbev,pfd,,,.01526231
carbbev,all,.90852039,.8254093,
cigets,dlprice,-.06190982,.00383283,.05006359
cigets,dfeat,.11962329,.01430973,.00089016
cigets,ddisp,.18439478,.03400144,4.765e-09
cigets,dupc,.23767048,.05648726,.06369051
cigets,davail,.66326367,.4399187,.02734699
cigets,pfd,,,.04598487
cigets,all,.71056989,.50490957,
coffee,dlprice,-.72985233,.53268443,.04808442
coffee,dfeat,.80014485,.64023179,.00478189
coffee,ddisp,.82488611,.68043709,.031047
coffee,dupc,.95221137,.90670648,.39981282
coffee,davail,.79505854,.63211808,.09061416
coffee,pfd,,,.04125052
coffee,all,.9854291,.97107051,
coldcer,dlprice,-.74364123,.55300228,.08243087
coldcer,dfeat,.36517687,.13335415,.00965878
coldcer,ddisp,.73824055,.54499911,.03410493
coldcer,dupc,.54409164,.29603571,.0126178
coldcer,davail,.53575403,.28703238,8.472e-06
coldcer,pfd,,,.05977095
coldcer,all,.86078318,.74094768,
deod,dlprice,-.3834156,.14700752,.09730349
deod,dfeat,.60982464,.37188609,.0141897
deod,ddisp,.38033454,.14465436,.0389221
deod,dupc,.83782952,.7019583,.56510389
deod,davail,.70833932,.50174459,.20190695
deod,pfd,,,.08690108
deod,all,.94899981,.90060064,
diapers,dlprice,-.16469852,.0271256,.02554516
diapers,dfeat,-.16944352,.02871111,.00227754
diapers,ddisp,.16017965,.02565752,.0032518
diapers,dupc,.95160629,.90555453,.45567706
diapers,davail,.76884588,.59112398,.01942049
diapers,pfd,,,.0174652
diapers,all,.96814371,.93730225,
factiss,dlprice,-.34797968,.12108986,.08457741
factiss,dfeat,.407907,.16638812,.0142934
factiss,ddisp,.20342243,.04138068,.02079137
factiss,dupc,.14568267,.02122344,.05152891
factiss,davail,.84223655,.70936241,.0297238
factiss,pfd,,,.04961691
factiss,all,.9347786,.87381103,
fzdinent,dlprice,-.73133078,.53484471,.10245033
fzdinent,dfeat,.7121964,.50722371,.00758526
fzdinent,ddisp,.56267667,.31660503,.01234773
fzdinent,dupc,.9034836,.81628262,.70815831
fzdinent,davail,.33342723,.11117372,.01375187
fzdinent,pfd,,,.06717877
fzdinent,all,.94905427,.90070401,
fzpizza,dlprice,-.18294513,.03346892,.05145027
fzpizza,dfeat,.75589486,.57137704,.00903418
fzpizza,ddisp,.86365013,.74589155,.03812006
fzpizza,dupc,.93916533,.88203151,1.4527346
fzpizza,davail,.42040925,.17674393,.00968001
fzpizza,pfd,,,.03920665
fzpizza,all,.9788543,.95815574,
hhclean,dlprice,-.69981964,.48974753,.05895201
hhclean,dfeat,.42459193,.18027831,.00249631
hhclean,ddisp,.37715167,.14224338,.00440339
hhclean,dupc,.8829482,.77959753,.34937914
hhclean,davail,.40952848,.16771357,.00108072
hhclean,pfd,,,.04334809
hhclean,all,.9195227,.845522,
hotdog,dlprice,-.4257328,.18124842,.02591536
hotdog,dfeat,.43334735,.18778993,.01248148
hotdog,ddisp,.60057706,.3606928,.00273541
hotdog,dupc,.97391387,.94850822,.38555032
hotdog,davail,.27976552,.07826874,.00097569
hotdog,pfd,,,.02283316
hotdog,all,.97783912,.95616934,
laundet,dlprice,-.44637473,.1992504,.21432019
laundet,dfeat,.5785439,.33471304,.01717362
laundet,ddisp,.50582454,.25585847,.04286165
laundet,dupc,.36602515,.13397441,.1497149
laundet,davail,.62673679,.39279901,.03763967
laundet,pfd,,,.12764988
laundet,all,.84264668,.71005342,
margbutr,dlprice,-.75346318,.56770677,.06405838
margbutr,dfeat,.74502309,.5550594,.0029451
margbutr,ddisp,.49904707,.24904798,.00685617
margbutr,dupc,.87441924,.76460901,.0181487
margbutr,davail,.2050432,.04204271,.00006765
margbutr,pfd,,,.03679037
margbutr,all,.94596327,.89484652,
mayo,dlprice,-.67036602,.44939061,.01405263
mayo,dfeat,.65348625,.42704427,.00310592
mayo,ddisp,.89228419,.79617108,.02053756
mayo,dupc,.87300453,.76213692,.05334148
mayo,davail,.40493027,.16396853,.00364647
mayo,pfd,,,.0135521
mayo,all,.94303456,.88931418,
milk,dlprice,-.59883617,.35860476,.0709971
milk,dfeat,-.3970913,.1576815,.00044676
milk,ddisp,.13525724,.01829452,.00043037
milk,dupc,.88105866,.77626437,.13532226
milk,davail,.4736602,.22435399,.02379517
milk,pfd,,,.06661287
milk,all,.93698688,.87794441,
mustketc,dlprice,-.62657293,.39259363,.06365366
mustketc,dfeat,.48487456,.23510334,.00585756
mustketc,ddisp,.31826305,.10129137,.02493969
mustketc,dupc,.90434409,.81783823,.23592854
mustketc,davail,.48581671,.23601788,.07743972
mustketc,pfd,,,.04535914
mustketc,all,.93534382,.87486806,
paptowl,dlprice,-.63963205,.40912916,.07323976
paptowl,dfeat,.33397594,.11153993,.01202329
paptowl,ddisp,.21455795,.04603511,.02723356
paptowl,dupc,.92644656,.85830323,.16730844
paptowl,davail,.32975637,.10873926,.00041828
paptowl,pfd,,,.04867873
paptowl,all,.93638259,.87681236,
peanbutr,dlprice,-.91591464,.83889963,.01831614
peanbutr,dfeat,.76279841,.58186142,.00213334
peanbutr,ddisp,.50826895,.25833732,.00309418
peanbutr,dupc,.93708869,.87813521,.35913955
peanbutr,davail,.7822148,.61186,.10027094
peanbutr,pfd,,,.00935659
peanbutr,all,.98438034,.96900466,
razors,dlprice,-.5291991,.28005169,.06218943
razors,dfeat,.44677366,.19960671,.00781445
razors,ddisp,.28628207,.08195742,.04261887
razors,dupc,.57633755,.33216498,.24117321
razors,davail,.71692728,.51398473,.41414116
razors,pfd,,,.08625346
razors,all,.75969825,.57714143,
saltsnck,dlprice,-.57167711,.32681472,.10651706
saltsnck,dfeat,.4189768,.17554156,.02719223
saltsnck,ddisp,.5198601,.27025452,.25079433
saltsnck,dupc,.49810239,.24810599,.06491121
saltsnck,davail,.19587061,.0383653,1.068e-06
saltsnck,pfd,,,.17462019
saltsnck,all,.79699458,.63520036,
shamp,dlprice,-.56142601,.31519917,.19947796
shamp,dfeat,.42662057,.18200511,.00747109
shamp,ddisp,.53636947,.28769221,.05732675
shamp,dupc,.77273626,.59712133,.52350475
shamp,davail,.75339394,.56760243,.17564393
shamp,pfd,,,.12687763
shamp,all,.86411823,.74670032,
soup,dlprice,-.73830481,.545094,.06205277
soup,dfeat,.8406239,.70664854,.01233106
soup,ddisp,.65067465,.4233775,.0237617
soup,dupc,.92797087,.86112993,1.1497413
soup,davail,.32530062,.10582049,.00035871
soup,pfd,,,.05406013
soup,all,.95638375,.91466988,
spagsauc,dlprice,-.56661967,.32105786,.05561442
spagsauc,dfeat,.02735015,.00074803,.01410667
spagsauc,ddisp,-.08755712,.00766625,.02932425
spagsauc,dupc,.59397893,.35281097,.47563327
spagsauc,davail,.53687848,.2882385,.03744219
spagsauc,pfd,,,.02575311
spagsauc,all,.89149113,.79475643,
sugarsub,dlprice,-.61836689,.38237761,.12730156
sugarsub,dfeat,-.30342607,.09206738,.0014382
sugarsub,ddisp,-.09256512,.0085683,.00114867
sugarsub,dupc,.68857294,.4741327,.13308904
sugarsub,davail,-.1602237,.02567163,.0015119
sugarsub,pfd,,,.09323314
sugarsub,all,.84603859,.7157813,
toitisu,dlprice,-.3093896,.09572193,.1151767
toitisu,dfeat,.3812568,.14535675,.02482535
toitisu,ddisp,.35173735,.12371917,.06198538
toitisu,dupc,.76884389,.59112093,.20631248
toitisu,davail,.47249956,.22325584,.04796458
toitisu,pfd,,,.08372962
toitisu,all,.82262138,.67670594,
toothbr,dlprice,-.79860819,.63777504,.17777745
toothbr,dfeat,.49230736,.24236654,.01667885
toothbr,ddisp,.44810002,.20079363,.0314383
toothbr,dupc,.61323932,.37606247,.84488764
toothbr,davail,.68482237,.46898167,.32244841
toothbr,pfd,,,.14964648
toothbr,all,.9087099,.82575369,
toothpa,dlprice,-.65683488,.43143206,.08656767
toothpa,dfeat,.55516813,.30821165,.01314004
toothpa,ddisp,.70688465,.49968591,.06230255
toothpa,dupc,.8948468,.8007508,.32560566
toothpa,davail,.77816181,.60553581,.12524837
toothpa,pfd,,,.0895461
toothpa,all,.95966818,.92096301,
yogurt,dlprice,-.40163041,.16130699,.02256852
yogurt,dfeat,.38562896,.1487097,.00360757
yogurt,ddisp,-.04165295,.00173497,.00295996
yogurt,dupc,.92436313,.85444719,1.7495728
yogurt,davail,.63117738,.39838488,.06551692
yogurt,pfd,,,.01389519
yogurt,all,.96118745,.9238813,
