state,module,yrs_cca,ps_hs,ps_cca
"AL",1100,4,.4601104,.9383325
"AZ",1100,8,.6804734,.4619328
"CA",1100,15,.753652,.4988864
"CO",1100,9,.6963534,.6873339
"DC",1100,6,.9090909,.9343522
"FL",1100,6,.6078808,.5761746
"IA",1100,1,.7094188,.8207172
"IL",1100,2,.7249006,.76875
"IN",1100,14,.6602773,.8679426
"KS",1100,6,.5248918,.8764242
"ME",1100,4,.7619962,.8299956
"MN",1100,17,.7652174,.8591236
"NE",1100,17,.6969697,.943065
"NJ",1100,2,.747903,.8562259
"OH",1100,11,.7164698,.8034896
"OR",1100,3,.7858033,.8060125
"PA",1100,2,.8263239,1
"RI",1100,8,.84,.8645475
"UT",1100,16,.745,.7168894
"WA",1100,10,.766901,.7505258
"WI",1100,16,.6732215,.8761927
"AL",1175,2,.3194279,0
"AZ",1175,1,.0540541,0
"CA",1175,3,.0640679,0
"DC",1175,2,.6271186,.3390053
"IN",1175,3,.5516418,.0888158
"ME",1175,1,.6788512,.4928057
"MN",1175,1,.4809469,.113499
"NE",1175,3,.4306689,.0216509
"OH",1175,3,.6362007,.1872111
"OR",1175,1,.1083481,0
"PA",1175,1,.7149,.5169492
"UT",1175,3,.0159236,0
"WA",1175,2,.1064639,0
"WI",1175,3,.6405556,.1124567
"AL",1177,1,,
"AZ",1177,1,,
"CA",1177,1,.594131,1
"CO",1177,3,.7122947,1
"FL",1177,2,.551899,1
"IN",1177,1,,
"KS",1177,1,,
"MN",1177,3,.9708291,1
"NE",1177,3,.856974,1
"RI",1177,3,.3227991,.9402985
"UT",1177,3,.7503693,1
"WA",1177,1,,
"WI",1177,2,.7148578,1
"AL",1186,2,.9552941,1
"CA",1186,3,.8782321,1
"DC",1186,2,.8615385,.841507
"IN",1186,1,.9386213,1
"MN",1186,2,.8973747,1
"NE",1186,2,.9571984,1
"OH",1186,4,.9304833,1
"PA",1186,2,.7797021,.3284404
"UT",1186,2,.9455445,1
"WA",1186,1,,
"WI",1186,2,.8614718,.9739953
"AL",1276,4,.8454301,1
"AZ",1276,11,.6109134,1
"CA",1276,19,.8233163,.9182535
"CO",1276,11,.8912601,1
"DC",1276,9,,
"FL",1276,6,.5269296,.6712123
"IA",1276,1,.9966006,1
"IL",1276,4,.7892239,.7254134
"IN",1276,17,.7227314,.846535
"KS",1276,8,.9164557,1
"ME",1276,6,.6283784,.7145982
"MN",1276,20,.9957051,.9993742
"NE",1276,19,.9935622,1
"NJ",1276,5,.6154261,.4226128
"OH",1276,14,.7837044,.5258355
"OR",1276,7,.75,1
"PA",1276,2,.6678935,.584689
"RI",1276,8,.8292683,.7012221
"UT",1276,19,.7343542,1
"WA",1276,13,.7192192,1
"WI",1276,19,.9216922,.7675698
"AL",1282,2,.7732998,.5450981
"AZ",1282,6,.7314578,.5549076
"CA",1282,10,.760964,.5547739
"CO",1282,3,.7916667,.5383237
"DC",1282,9,,
"IL",1282,4,.6763203,.6016436
"IN",1282,9,.6404794,.4384693
"KS",1282,3,.6152648,.5270033
"ME",1282,6,.7380074,.5801324
"MN",1282,10,.7908083,.5835575
"NE",1282,10,.7234042,.5475977
"NJ",1282,4,.7127312,.6648988
"OH",1282,10,.6235294,.4732532
"OR",1282,6,.7584906,.5467156
"UT",1282,9,.7632242,.5140626
"WA",1282,10,.6706731,.541467
"WI",1282,10,.8512304,.4912981
"AL",1348,1,.9254658,.7162033
"AZ",1348,2,,
"CA",1348,1,.9350463,1
"DC",1348,4,,
"IN",1348,1,.9043355,1
"ME",1348,4,,
"MN",1348,1,.9579628,1
"NE",1348,1,.9208103,1
"NJ",1348,1,,
"OH",1348,1,.8974143,1
"OR",1348,2,,
"PA",1348,1,.8983012,
"UT",1348,1,.9520833,.7576987
"WA",1348,1,.9153298,1
"WI",1348,1,.9088849,1
"AL",1355,1,,
"CA",1355,1,.9093429,1
"IN",1355,2,,
"MN",1355,1,.6811321,.8964912
"NE",1355,1,.6524664,.7599111
"OH",1355,1,.6084829,1
"PA",1355,2,,
"UT",1355,1,.8192771,1
"WA",1355,1,.9200988,1
"WI",1355,1,.6200768,1
"CO",1356,1,.5745614,1
"FL",1356,1,.6631255,.5
"MN",1356,1,.6674938,1
"NE",1356,1,.6789116,1
"RI",1356,1,.625,
"UT",1356,1,.5414938,
"WI",1356,1,.5207547,
"AL",1366,2,,
"AZ",1366,2,,
"CA",1366,2,.9722222,
"DC",1366,2,,
"IN",1366,2,.9736842,
"ME",1366,2,,
"MN",1366,2,,
"NE",1366,2,,
"NJ",1366,1,,
"OH",1366,2,.9405099,1
"OR",1366,2,,
"PA",1366,2,,
"UT",1366,2,,
"WA",1366,2,.915493,
"WI",1366,2,.967033,
"AL",1421,3,,
"AZ",1421,6,.4780142,.1534162
"CA",1421,8,.2897033,.1589197
"CO",1421,9,.5286136,.2501372
"DC",1421,1,.8514286,.375982
"FL",1421,6,.7380041,.4997061
"IA",1421,1,.4740211,.075419
"IL",1421,1,.6044425,.1971383
"IN",1421,6,.806655,.7576021
"KS",1421,6,.6993166,.4553039
"ME",1421,3,,
"MN",1421,9,.5028033,.1143068
"NE",1421,9,.4823529,.1111815
"NJ",1421,1,.2249135,.2291105
"OH",1421,3,.8700154,.2841538
"OR",1421,2,.5662984,.1578947
"PA",1421,2,,
"RI",1421,8,.2772277,.0924946
"UT",1421,9,.5763747,.1507633
"WA",1421,2,.6049047,.2709871
"WI",1421,9,.532258,.1805644
"AL",1463,4,.5455962,1
"AZ",1463,12,.3192033,.2533289
"CA",1463,19,.2382474,.2287709
"CO",1463,12,.2876984,.2789638
"DC",1463,9,.3157895,1
"FL",1463,6,.6268417,.8185048
"IA",1463,1,.2633717,.0627907
"IL",1463,5,.4021795,.8681757
"IN",1463,18,.4923478,.7415041
"KS",1463,9,.3135726,.1425957
"ME",1463,6,.6533166,1
"MN",1463,21,.3032929,.1878682
"NE",1463,21,.2969762,.172863
"NJ",1463,6,.627821,1
"OH",1463,15,.6246716,.7158653
"OR",1463,8,.1746479,.1571582
"PA",1463,2,.6734089,1
"RI",1463,9,.7835294,1
"WA",1463,14,.1624204,.3146409
"WI",1463,21,.4136106,.6229885
"AL",1464,3,,
"AZ",1464,9,.4153846,.568384
"CA",1464,10,.8132201,.5270905
"CO",1464,12,.7075664,.6077311
"DC",1464,9,,
"FL",1464,6,.6694012,1
"IA",1464,1,.6935167,1
"IL",1464,4,.712938,.5584525
"IN",1464,9,.799733,.9837149
"KS",1464,9,.6798246,.9120879
"ME",1464,1,.8470588,1
"MN",1464,12,.691265,.6721216
"NE",1464,12,.6713781,.8998814
"NJ",1464,4,.9825327,1
"OH",1464,6,.7401961,1
"OR",1464,5,.7339743,.6171154
"PA",1464,2,,
"RI",1464,9,.942029,1
"WA",1464,5,.7679389,.4414894
"WI",1464,12,.71875,.6249448
"AL",3611,1,.9943274,
"AZ",3611,1,.4742629,
"CA",3611,4,.3651063,0
"DC",3611,4,,
"IN",3611,4,.9980106,
"ME",3611,3,.9978814,1
"MN",3611,4,.9993485,1
"NE",3611,4,.9227642,
"OH",3611,4,.9921165,1
"OR",3611,1,.2524823,
"UT",3611,4,.4079602,
"WA",3611,4,.3614679,
"WI",3611,4,,
"AZ",5000,12,.7891037,.6574175
"CA",5000,17,.7689667,.5184163
"CO",5000,12,.7257576,.4812139
"DC",5000,9,.25,.4647465
"FL",5000,6,.6229675,.7388897
"IL",5000,3,.5842073,.5452415
"IN",5000,4,.6831683,.3288043
"KS",5000,8,.894382,.7575446
"ME",5000,6,.8853755,.6877348
"MN",5000,19,.2867925,.3951326
"NE",5000,19,.6803279,.5647873
"NJ",5000,6,.9792899,.533105
"OH",5000,13,.7115775,.3727215
"OR",5000,3,.8298755,.4021739
"RI",5000,9,.9551857,.7392941
"WA",5000,12,.7250555,.3125342
"WI",5000,19,.1701445,.1782255
"AL",6840,2,.5690739,.9739336
"AZ",6840,11,.5115219,.6099005
"CA",6840,19,.4854093,.6239557
"CO",6840,11,.4978667,.4979624
"DC",6840,9,.3652968,.5882187
"FL",6840,6,.5729538,.7380952
"IA",6840,1,.3370306,.2869955
"IL",6840,5,.5129429,.4730248
"IN",6840,14,.4874839,.6011617
"KS",6840,9,.4032221,.4884764
"ME",6840,6,.3832061,.5950465
"MN",6840,20,.5245026,.7107314
"NE",6840,20,.4543333,.573616
"NJ",6840,5,.5084909,.6664053
"OH",6840,14,.4041383,.5851429
"OR",6840,8,.4410068,.636929
"RI",6840,8,.5888538,.7871161
"UT",6840,17,.5207396,.8002092
"WA",6840,13,.5064385,.7481279
"WI",6840,18,.5161082,.5725896
"AZ",6841,1,,
"CA",6841,1,.5184484,0
"CO",6841,1,.4161374,0
"FL",6841,3,,
"IN",6841,1,,
"KS",6841,1,,
"MN",6841,1,.7011643,0
"NE",6841,1,.4335246,0
"RI",6841,1,.3462025,0
"UT",6841,1,.66133,0
"WI",6841,1,.4755999,.18
"AL",6842,2,,
"AZ",6842,2,.6434251,.0327869
"CA",6842,3,.4413286,.0240826
"CO",6842,5,.6370192,.0134261
"DC",6842,7,,
"FL",6842,4,.7701011,.2191011
"IA",6842,1,,
"IL",6842,5,,
"IN",6842,2,.6371576,0
"KS",6842,2,.6086957,.0224719
"ME",6842,5,,
"MN",6842,5,.5130616,0
"NE",6842,5,.4897119,.0112493
"NJ",6842,5,,
"OH",6842,13,,
"OR",6842,8,,
"RI",6842,5,.8554913,.5363128
"UT",6842,5,.7878261,.2841325
"WA",6842,11,,
"WI",6842,5,.4995563,.0833538
"AL",6844,1,,
"AZ",6844,6,,
"CA",6844,1,.3474397,0
"CO",6844,2,.4270859,.6333073
"DC",6844,1,,
"FL",6844,1,.5306209,.3169014
"IA",6844,1,,
"IL",6844,2,,
"IN",6844,7,,
"KS",6844,7,,
"MN",6844,2,.6672364,.8561151
"NE",6844,2,.5113544,.4354137
"NJ",6844,2,,
"OH",6844,6,,
"OR",6844,3,,
"RI",6844,2,.5714286,
"UT",6844,2,.5678119,.372755
"WA",6844,4,,
"WI",6844,2,.8031637,1
"AL",7003,4,,
"AZ",7003,11,,
"CA",7003,17,,
"CO",7003,1,.8108108,.8732573
"DC",7003,9,,
"FL",7003,3,,
"IA",7003,1,,
"IL",7003,5,,
"IN",7003,17,,
"KS",7003,8,,
"ME",7003,6,,
"MN",7003,1,.849315,1
"NE",7003,1,.6153846,1
"NJ",7003,6,,
"OH",7003,15,,
"OR",7003,8,,
"PA",7003,2,,
"RI",7003,1,.8461539,1
"UT",7003,1,.875817,1
"WA",7003,14,,
"WI",7003,1,.7235295,1
"AL",7035,3,,
"AZ",7035,8,.5803698,.3631108
"CA",7035,8,.6542127,.3465478
"CO",7035,8,.6455026,.3066868
"DC",7035,3,.8536586,.2470206
"FL",7035,3,.4856496,.2636954
"IA",7035,1,.5122495,.4648649
"IL",7035,4,.5761067,.3589828
"IN",7035,8,.4876289,.4730901
"KS",7035,8,.2764228,.4380926
"ME",7035,1,.7181818,0
"MN",7035,8,.5343407,.4054499
"NE",7035,8,.4041812,.3084005
"NJ",7035,4,.5846314,.3232724
"OH",7035,6,.4647495,.3264808
"OR",7035,5,.5050505,.1773067
"PA",7035,1,,
"RI",7035,5,.6091954,.273178
"UT",7035,8,.5,.3163842
"WA",7035,5,.6344086,.2271294
"WI",7035,8,.5058824,.4176454
"AZ",7106,1,.5048544,0
"CA",7106,1,.5146199,.0735391
"DC",7106,1,.6451613,.1713222
"IN",7106,1,.5772496,0
"ME",7106,1,.7195122,0
"MN",7106,1,.5126904,.0122951
"NE",7106,1,.6944444,.0641711
"NJ",7106,1,.3658537,.0456432
"OH",7106,1,.4410377,.0208855
"OR",7106,1,.7192118,0
"UT",7106,1,.4,0
"WA",7106,1,.5768116,.0588235
"WI",7106,1,.6561886,0
"AZ",7115,2,.5093023,0
"CA",7115,3,.4540354,.0369077
"DC",7115,3,.3,.3349754
"IL",7115,1,.5261044,.46
"IN",7115,3,.5871446,
"ME",7115,3,.6322581,.0490196
"MN",7115,3,.5587918,
"NE",7115,3,.497093,0
"NJ",7115,2,.6689304,.2536585
"OH",7115,3,.530397,.1935484
"OR",7115,2,.4460432,.2560976
"UT",7115,3,.4775281,.1085271
"WA",7115,3,.411859,.2562929
"WI",7115,3,.5323496,1
"AL",7125,2,,
"AZ",7125,5,.6773504,.4694165
"CA",7125,5,.7223868,.5597734
"CO",7125,5,.7777778,.6039584
"DC",7125,3,.8965517,.4035491
"FL",7125,3,,
"IA",7125,1,,
"IL",7125,4,.7183309,.5301921
"IN",7125,5,.8467433,.5397609
"KS",7125,5,.8125,.4684274
"ME",7125,1,.875,.1234129
"MN",7125,5,.7076923,.5993834
"NE",7125,5,.7005988,.624728
"NJ",7125,4,.8136483,.443513
"OH",7125,5,.8564103,.5319021
"OR",7125,5,.7358491,.4973508
"PA",7125,1,,
"RI",7125,2,.6875,.7226813
"UT",7125,5,.8235294,.5735762
"WA",7125,5,.7395144,.6126422
"WI",7125,5,.7571116,.7006869
"AZ",7150,1,.4921466,.4885946
"CA",7150,1,.5660377,.1107332
"CO",7150,5,,
"DC",7150,1,,
"FL",7150,3,,
"IA",7150,1,,
"IL",7150,1,,
"IN",7150,1,.5545024,.5103281
"KS",7150,5,,
"ME",7150,1,,
"MN",7150,1,.3854749,.089332
"NE",7150,1,.3522727,0
"NJ",7150,1,,
"OH",7150,1,.3832117,.5
"OR",7150,1,.6184211,.096
"RI",7150,5,,
"UT",7150,1,.5277778,.266172
"WA",7150,1,.6612903,.1916168
"WI",7150,1,.4813559,.2878465
"AL",7245,2,,
"AZ",7245,5,.7082835,1
"CA",7245,6,.7499042,1
"CO",7245,8,.6400385,.9176686
"DC",7245,9,,
"FL",7245,6,.6071604,1
"IA",7245,1,.5103917,.6557863
"IL",7245,5,,
"IN",7245,5,.5489076,.7407698
"KS",7245,5,.5017135,.7564279
"ME",7245,6,,
"MN",7245,8,.5928343,.8392226
"NE",7245,8,.5892116,.7238967
"NJ",7245,6,,
"OH",7245,2,.5687289,.6036826
"OR",7245,1,.7903811,1
"PA",7245,1,,
"RI",7245,8,.6533937,1
"UT",7245,8,.6858072,1
"WA",7245,1,.7548926,1
"WI",7245,8,.5878122,.7910435
"CO",7734,1,.6352636,
"FL",7734,1,.7017576,
"MN",7734,1,.6761717,
"NE",7734,1,.7592137,
"RI",7734,1,.6783333,0
"UT",7734,1,.8300971,
"WI",7734,1,.6237268,1
